[{"model": "admin.logentry", "pk": 1, "fields": {"action_time": "2021-09-02T10:46:23.496Z", "user": 1, "content_type": 6, "object_id": "1", "object_repr": "кофта", "action_flag": 1, "change_message": "[{\"added\": {}}]"}}, {"model": "admin.logentry", "pk": 2, "fields": {"action_time": "2021-09-02T10:46:41.322Z", "user": 1, "content_type": 7, "object_id": "1", "object_repr": "худи | кофта", "action_flag": 1, "change_message": "[{\"added\": {}}]"}}, {"model": "admin.logentry", "pk": 3, "fields": {"action_time": "2021-09-09T10:19:56.888Z", "user": 3, "content_type": 6, "object_id": "2", "object_repr": "сапоги", "action_flag": 1, "change_message": "[{\"added\": {}}]"}}, {"model": "admin.logentry", "pk": 4, "fields": {"action_time": "2021-09-09T10:20:19.174Z", "user": 3, "content_type": 7, "object_id": "2", "object_repr": "сапожки | сапоги", "action_flag": 1, "change_message": "[{\"added\": {}}]"}}, {"model": "admin.logentry", "pk": 5, "fields": {"action_time": "2021-10-07T14:53:01.644Z", "user": 3, "content_type": 17, "object_id": "16", "object_repr": "OrderItem object (16)", "action_flag": 3, "change_message": ""}}, {"model": "admin.logentry", "pk": 6, "fields": {"action_time": "2021-10-07T14:53:01.653Z", "user": 3, "content_type": 17, "object_id": "15", "object_repr": "OrderItem object (15)", "action_flag": 3, "change_message": ""}}, {"model": "admin.logentry", "pk": 7, "fields": {"action_time": "2021-10-07T14:53:01.673Z", "user": 3, "content_type": 17, "object_id": "14", "object_repr": "OrderItem object (14)", "action_flag": 3, "change_message": ""}}, {"model": "admin.logentry", "pk": 8, "fields": {"action_time": "2021-10-07T14:53:01.690Z", "user": 3, "content_type": 17, "object_id": "13", "object_repr": "OrderItem object (13)", "action_flag": 3, "change_message": ""}}, {"model": "admin.logentry", "pk": 9, "fields": {"action_time": "2021-10-07T14:53:01.706Z", "user": 3, "content_type": 17, "object_id": "12", "object_repr": "OrderItem object (12)", "action_flag": 3, "change_message": ""}}, {"model": "admin.logentry", "pk": 10, "fields": {"action_time": "2021-10-07T14:53:01.728Z", "user": 3, "content_type": 17, "object_id": "11", "object_repr": "OrderItem object (11)", "action_flag": 3, "change_message": ""}}, {"model": "admin.logentry", "pk": 11, "fields": {"action_time": "2021-10-07T14:53:01.741Z", "user": 3, "content_type": 17, "object_id": "10", "object_repr": "OrderItem object (10)", "action_flag": 3, "change_message": ""}}, {"model": "admin.logentry", "pk": 12, "fields": {"action_time": "2021-10-07T14:53:01.752Z", "user": 3, "content_type": 17, "object_id": "9", "object_repr": "OrderItem object (9)", "action_flag": 3, "change_message": ""}}, {"model": "admin.logentry", "pk": 13, "fields": {"action_time": "2021-10-07T14:53:01.768Z", "user": 3, "content_type": 17, "object_id": "8", "object_repr": "OrderItem object (8)", "action_flag": 3, "change_message": ""}}, {"model": "admin.logentry", "pk": 14, "fields": {"action_time": "2021-10-07T14:53:01.782Z", "user": 3, "content_type": 17, "object_id": "7", "object_repr": "OrderItem object (7)", "action_flag": 3, "change_message": ""}}, {"model": "admin.logentry", "pk": 15, "fields": {"action_time": "2021-10-07T14:53:01.794Z", "user": 3, "content_type": 17, "object_id": "6", "object_repr": "OrderItem object (6)", "action_flag": 3, "change_message": ""}}, {"model": "admin.logentry", "pk": 16, "fields": {"action_time": "2021-10-07T14:53:01.805Z", "user": 3, "content_type": 17, "object_id": "5", "object_repr": "OrderItem object (5)", "action_flag": 3, "change_message": ""}}, {"model": "admin.logentry", "pk": 17, "fields": {"action_time": "2021-10-07T14:53:01.823Z", "user": 3, "content_type": 17, "object_id": "4", "object_repr": "OrderItem object (4)", "action_flag": 3, "change_message": ""}}, {"model": "admin.logentry", "pk": 18, "fields": {"action_time": "2021-10-07T14:53:01.835Z", "user": 3, "content_type": 17, "object_id": "3", "object_repr": "OrderItem object (3)", "action_flag": 3, "change_message": ""}}, {"model": "admin.logentry", "pk": 19, "fields": {"action_time": "2021-10-07T14:53:01.843Z", "user": 3, "content_type": 17, "object_id": "2", "object_repr": "OrderItem object (2)", "action_flag": 3, "change_message": ""}}, {"model": "admin.logentry", "pk": 20, "fields": {"action_time": "2021-10-07T14:53:01.849Z", "user": 3, "content_type": 17, "object_id": "1", "object_repr": "OrderItem object (1)", "action_flag": 3, "change_message": ""}}, {"model": "admin.logentry", "pk": 21, "fields": {"action_time": "2021-10-07T14:53:09.176Z", "user": 3, "content_type": 16, "object_id": "17", "object_repr": "Текущий заказ: 17", "action_flag": 3, "change_message": ""}}, {"model": "admin.logentry", "pk": 22, "fields": {"action_time": "2021-10-07T14:53:09.183Z", "user": 3, "content_type": 16, "object_id": "16", "object_repr": "Текущий заказ: 16", "action_flag": 3, "change_message": ""}}, {"model": "admin.logentry", "pk": 23, "fields": {"action_time": "2021-10-07T14:53:09.192Z", "user": 3, "content_type": 16, "object_id": "15", "object_repr": "Текущий заказ: 15", "action_flag": 3, "change_message": ""}}, {"model": "admin.logentry", "pk": 24, "fields": {"action_time": "2021-10-07T14:53:09.200Z", "user": 3, "content_type": 16, "object_id": "14", "object_repr": "Текущий заказ: 14", "action_flag": 3, "change_message": ""}}, {"model": "admin.logentry", "pk": 25, "fields": {"action_time": "2021-10-07T14:53:09.208Z", "user": 3, "content_type": 16, "object_id": "13", "object_repr": "Текущий заказ: 13", "action_flag": 3, "change_message": ""}}, {"model": "admin.logentry", "pk": 26, "fields": {"action_time": "2021-10-07T14:53:09.214Z", "user": 3, "content_type": 16, "object_id": "12", "object_repr": "Текущий заказ: 12", "action_flag": 3, "change_message": ""}}, {"model": "admin.logentry", "pk": 27, "fields": {"action_time": "2021-10-07T14:53:09.222Z", "user": 3, "content_type": 16, "object_id": "11", "object_repr": "Текущий заказ: 11", "action_flag": 3, "change_message": ""}}, {"model": "admin.logentry", "pk": 28, "fields": {"action_time": "2021-10-07T14:53:09.229Z", "user": 3, "content_type": 16, "object_id": "10", "object_repr": "Текущий заказ: 10", "action_flag": 3, "change_message": ""}}, {"model": "admin.logentry", "pk": 29, "fields": {"action_time": "2021-10-07T14:53:09.236Z", "user": 3, "content_type": 16, "object_id": "9", "object_repr": "Текущий заказ: 9", "action_flag": 3, "change_message": ""}}, {"model": "admin.logentry", "pk": 30, "fields": {"action_time": "2021-10-07T14:53:09.244Z", "user": 3, "content_type": 16, "object_id": "8", "object_repr": "Текущий заказ: 8", "action_flag": 3, "change_message": ""}}, {"model": "admin.logentry", "pk": 31, "fields": {"action_time": "2021-10-07T14:53:09.250Z", "user": 3, "content_type": 16, "object_id": "7", "object_repr": "Текущий заказ: 7", "action_flag": 3, "change_message": ""}}, {"model": "admin.logentry", "pk": 32, "fields": {"action_time": "2021-10-07T14:53:09.257Z", "user": 3, "content_type": 16, "object_id": "6", "object_repr": "Текущий заказ: 6", "action_flag": 3, "change_message": ""}}, {"model": "admin.logentry", "pk": 33, "fields": {"action_time": "2021-10-07T14:53:09.264Z", "user": 3, "content_type": 16, "object_id": "5", "object_repr": "Текущий заказ: 5", "action_flag": 3, "change_message": ""}}, {"model": "admin.logentry", "pk": 34, "fields": {"action_time": "2021-10-07T14:53:09.270Z", "user": 3, "content_type": 16, "object_id": "4", "object_repr": "Текущий заказ: 4", "action_flag": 3, "change_message": ""}}, {"model": "admin.logentry", "pk": 35, "fields": {"action_time": "2021-10-07T14:53:09.278Z", "user": 3, "content_type": 16, "object_id": "3", "object_repr": "Текущий заказ: 3", "action_flag": 3, "change_message": ""}}, {"model": "admin.logentry", "pk": 36, "fields": {"action_time": "2021-10-07T14:53:09.283Z", "user": 3, "content_type": 16, "object_id": "2", "object_repr": "Текущий заказ: 2", "action_flag": 3, "change_message": ""}}, {"model": "admin.logentry", "pk": 37, "fields": {"action_time": "2021-10-07T14:53:09.291Z", "user": 3, "content_type": 16, "object_id": "1", "object_repr": "Текущий заказ: 1", "action_flag": 3, "change_message": ""}}, {"model": "admin.logentry", "pk": 38, "fields": {"action_time": "2021-10-14T12:55:46.264Z", "user": 3, "content_type": 6, "object_id": "1", "object_repr": "кофта", "action_flag": 2, "change_message": "[{\"changed\": {\"fields\": [\"Is active\"]}}]"}}, {"model": "admin.logentry", "pk": 39, "fields": {"action_time": "2021-10-14T12:56:15.180Z", "user": 3, "content_type": 6, "object_id": "1", "object_repr": "кофта", "action_flag": 2, "change_message": "[{\"changed\": {\"fields\": [\"Is active\"]}}]"}}, {"model": "sessions.session", "pk": "31phe4xw4edyrz6gga562h8rt708go7u", "fields": {"session_data": ".eJxVjEsKwjAUAO-StQSaT5O4dO8ZyvvFVCWFpl0V7y6BLnQ7M8yhJti3Mu1N1mlmdVVWXX4ZAr2kdsFPqI9F01K3dUbdE33apu8Ly_t2tn-DAq30reeQYkgYYxx8IpsGw-SsdyQxMQYGwczDSBktAUn2MjpHBkkMQVCfL-iYOQw:1mP1UQ:AY3A2yszsYMPDTGfoviE6rK9adlvP1rLPXh3wSK8SpI", "expire_date": "2021-09-25T11:48:10.394Z"}}, {"model": "sessions.session", "pk": "3pdbb680gd5xgcofnzvi975yc6m3z6zf", "fields": {"session_data": ".eJxVjEsKwjAUAO-StQSaT5O4dO8ZyvvFVCWFpl0V7y6BLnQ7M8yhJti3Mu1N1mlmdVVWXX4ZAr2kdsFPqI9F01K3dUbdE33apu8Ly_t2tn-DAq30reeQYkgYYxx8IpsGw-SsdyQxMQYGwczDSBktAUn2MjpHBkkMQVCfL-iYOQw:1mRdyQ:RSFLhWxF-3mlEH9xvc5fkUxT6f3LX1vk9y7dgvCh_Yg", "expire_date": "2021-10-02T17:17:58.663Z"}}, {"model": "sessions.session", "pk": "45q1hthn2y7hzdau6sry4qx5ie9iw24j", "fields": {"session_data": "e30:1mTTZL:vvEitRBfCm7INq6n8mqs6LEJUBfLKx3Y15McbopzTEI", "expire_date": "2021-10-07T18:35:39.722Z"}}, {"model": "sessions.session", "pk": "536kssvsv8y727e72thc24degh6jk2xk", "fields": {"session_data": ".eJxVjEsKwjAUAO-StQSaT5O4dO8ZyvvFVCWFpl0V7y6BLnQ7M8yhJti3Mu1N1mlmdVVWXX4ZAr2kdsFPqI9F01K3dUbdE33apu8Ly_t2tn-DAq30reeQYkgYYxx8IpsGw-SsdyQxMQYGwczDSBktAUn2MjpHBkkMQVCfL-iYOQw:1mZxuR:ykTo0794TOxYtge8nwNOTcXZg5BOz5i5rWeKRXQnDuI", "expire_date": "2021-10-25T16:12:15.512Z"}}, {"model": "sessions.session", "pk": "9mhhiq7pyz4fjrk9b6lqb87m3w5yv7v4", "fields": {"session_data": ".eJxVjMsOwiAQRf-FtSHQqTxcuu83kIEZpGogKe3K-O_apAvd3nPOfYmA21rC1nkJM4mL0OL0u0VMD647oDvWW5Op1XWZo9wVedAup0b8vB7u30HBXr61H5L2yCZrjOjcyGfl_UiowBOoqJLROifOGLOLBrw1YLIjO0BGBmPF-wPxczg-:1mLk27:HPe1gpB3R5z_6DiL0ixMvIhh3hBfZpGKO36dcGnUBwM", "expire_date": "2021-09-16T10:33:23.584Z"}}, {"model": "sessions.session", "pk": "9xq9zsfwm4w3l6ixaykkuzvlnobivp54", "fields": {"session_data": ".eJxVjEsKwjAUAO-StQSaT5O4dO8ZyvvFVCWFpl0V7y6BLnQ7M8yhJti3Mu1N1mlmdVVWXX4ZAr2kdsFPqI9F01K3dUbdE33apu8Ly_t2tn-DAq30reeQYkgYYxx8IpsGw-SsdyQxMQYGwczDSBktAUn2MjpHBkkMQVCfL-iYOQw:1mOLme:Lckq4p5oyljy7d-c7nn0wU5vKnAoeKjcExPNftpBQ10", "expire_date": "2021-09-23T15:16:12.081Z"}}, {"model": "sessions.session", "pk": "c3fqee8yssezxuq5ykboege74n6bexad", "fields": {"session_data": "e30:1mTTdC:R7VkuQlsc4v9w7HFZiPyEPPpEP6hQwPfOiH5gkpOH1k", "expire_date": "2021-10-07T18:39:38.527Z"}}, {"model": "sessions.session", "pk": "fzspdm51fmcgl1g5f6zsmf3tmjr3krwo", "fields": {"session_data": ".eJxVjEsKwjAUAO-StQSaT5O4dO8ZyvvFVCWFpl0V7y6BLnQ7M8yhJti3Mu1N1mlmdVVWXX4ZAr2kdsFPqI9F01K3dUbdE33apu8Ly_t2tn-DAq30reeQYkgYYxx8IpsGw-SsdyQxMQYGwczDSBktAUn2MjpHBkkMQVCfL-iYOQw:1mWgwe:Wskb_-aGr8dFksxA-2lpfl1TnyzOzn3h4geizHBAMiE", "expire_date": "2021-10-16T15:29:00.816Z"}}, {"model": "sessions.session", "pk": "jw4v114194bxptstmp3hvuykmcqf7m1r", "fields": {"session_data": ".eJxVjEsKwjAUAO-StQSaT5O4dO8ZyvvFVCWFpl0V7y6BLnQ7M8yhJti3Mu1N1mlmdVVWXX4ZAr2kdsFPqI9F01K3dUbdE33apu8Ly_t2tn-DAq30reeQYkgYYxx8IpsGw-SsdyQxMQYGwczDSBktAUn2MjpHBkkMQVCfL-iYOQw:1mYBOJ:1wscgEMwRzgQOgvs54JbMbQpAYdylHyItZk7Cuq1Zm8", "expire_date": "2021-10-20T18:11:43.699Z"}}, {"model": "sessions.session", "pk": "thoy4mem3893z4pv1e4rzwfqyoksqqoa", "fields": {"session_data": "e30:1mTTcL:4cTRGVQFLgugTsj-_dZYt4Yzdzupme-hvx4EzFSScU4", "expire_date": "2021-10-07T18:38:45.954Z"}}, {"model": "products.productcategory", "pk": 1, "fields": {"name": "кофта", "description": "", "is_active": true}}, {"model": "products.productcategory", "pk": 2, "fields": {"name": "сапоги", "description": "", "is_active": true}}, {"model": "products.product", "pk": 1, "fields": {"name": "худи", "image": "", "description": null, "price": "1000.00", "quantity": 4, "category": 1, "is_active": true}}, {"model": "products.product", "pk": 2, "fields": {"name": "сапожки", "image": "", "description": null, "price": "45000.00", "quantity": 46, "category": 2, "is_active": true}}, {"model": "users.user", "pk": 1, "fields": {"password": "pbkdf2_sha256$260000$5eSsZfrr81sLII0yqVArWg$jtZJTNAh+icF7OKZxfrrXizepkjbH1BJAdVojiibspg=", "last_login": "2021-09-02T10:33:23.555Z", "is_superuser": true, "username": "kr", "first_name": "", "last_name": "", "email": "", "is_staff": true, "is_active": true, "date_joined": "2021-09-02T10:33:01.137Z", "image": "", "activation_key": "", "activation_key_expires": "2021-09-20T15:06:07.233Z", "age": null, "groups": [], "user_permissions": []}}, {"model": "users.user", "pk": 2, "fields": {"password": "pbkdf2_sha256$260000$8P9hlXeXHiw5b0d381NgNt$QPozODSN8M6Rf9lxyBU3eXoE5KHPQalacr/RJfUMRCc=", "last_login": "2021-09-06T14:52:24.339Z", "is_superuser": false, "username": "kir", "first_name": "kir", "last_name": "rrrr", "email": "kirillminov@icloud.com", "is_staff": false, "is_active": true, "date_joined": "2021-09-06T14:51:59.933Z", "image": "", "activation_key": "", "activation_key_expires": "2021-09-20T15:06:07.233Z", "age": null, "groups": [], "user_permissions": []}}, {"model": "users.user", "pk": 3, "fields": {"password": "pbkdf2_sha256$260000$ME4RacpejGPO1FZl4V1Qjr$DXPDX2R/Dl4X0xHpQRBBB+vyQ82uVGPCrYJkrC5+CUY=", "last_login": "2021-10-11T16:12:15.063Z", "is_superuser": true, "username": "danil", "first_name": "", "last_name": "", "email": "", "is_staff": true, "is_active": true, "date_joined": "2021-09-06T14:53:15.517Z", "image": "", "activation_key": "", "activation_key_expires": "2021-09-20T15:06:07.233Z", "age": null, "groups": [], "user_permissions": []}}, {"model": "users.user", "pk": 4, "fields": {"password": "pbkdf2_sha256$260000$1sY1b86S4GfDbngHKPvYRj$i66JnMQPMs7yNt3SKe8R9j4laLNKge5q2yQJ3S3GmwA=", "last_login": null, "is_superuser": false, "username": "kirillergeg", "first_name": "fggrg", "last_name": "ergergerg", "email": "kiov@icloud.com", "is_staff": false, "is_active": true, "date_joined": "2021-09-06T15:58:25.113Z", "image": "", "activation_key": "", "activation_key_expires": "2021-09-20T15:06:07.233Z", "age": null, "groups": [], "user_permissions": []}}, {"model": "users.user", "pk": 5, "fields": {"password": "pbkdf2_sha256$260000$YqP1N3JKTSxH2NWB42naJP$OxSyzc8sf2te9aw/hb6skMYjy1wx58Se+ZwWc4FY5MQ=", "last_login": "2021-09-26T16:42:58.310Z", "is_superuser": false, "username": "asd", "first_name": "asdd", "last_name": "asdd", "email": "kiorv@icloud.com", "is_staff": false, "is_active": true, "date_joined": "2021-09-18T10:02:57.315Z", "image": "", "activation_key": "", "activation_key_expires": "2021-09-20T15:06:07.233Z", "age": null, "groups": [], "user_permissions": []}}, {"model": "users.user", "pk": 6, "fields": {"password": "pbkdf2_sha256$260000$JSnpuZ3x9eR4y5UbhguNk3$MnnXa+aXX1XZeMvkekWQYeXx3nTVsZTQUiYkNH+tDyM=", "last_login": null, "is_superuser": false, "username": "adf", "first_name": "ae", "last_name": "ae", "email": "kiorvt@icloud.com", "is_staff": false, "is_active": true, "date_joined": "2021-09-18T15:18:27.985Z", "image": "", "activation_key": "", "activation_key_expires": "2021-09-20T15:17:56.389Z", "age": null, "groups": [], "user_permissions": []}}, {"model": "users.user", "pk": 7, "fields": {"password": "pbkdf2_sha256$260000$dDXeyfIV64B2YlVOPqN82j$4Qfy49lbxdRNx3eehedS4P49nVzi6wcvZkJYRqIJyqo=", "last_login": null, "is_superuser": false, "username": "qqq", "first_name": "qqq", "last_name": "qqq", "email": "kiove@icloud.com", "is_staff": false, "is_active": false, "date_joined": "2021-09-18T15:20:40.434Z", "image": "", "activation_key": "d22dd730502ea0cb6e867bef6ab47f77d2dfc2c4", "activation_key_expires": "2021-09-20T15:20:15.445Z", "age": null, "groups": [], "user_permissions": []}}, {"model": "users.user", "pk": 8, "fields": {"password": "pbkdf2_sha256$260000$BL6rKnFoTSgBcsl3VYlWnU$mslGZ0ECYIn5aLSr6okK73FBexyZbwuDpjFx75ygr2Y=", "last_login": null, "is_superuser": false, "username": "ggggg", "first_name": "ggg", "last_name": "ggg", "email": "kiorv@icloud.com", "is_staff": false, "is_active": false, "date_joined": "2021-09-18T16:24:32.137Z", "image": "", "activation_key": "5192524439a99fc3ef1213b3b96142360f32082b", "activation_key_expires": "2021-09-20T16:22:25.876Z", "age": null, "groups": [], "user_permissions": []}}, {"model": "users.user", "pk": 9, "fields": {"password": "pbkdf2_sha256$260000$ncvLKtSNlAubjXgPJjiPdR$dpCSm1sftVzmyLFi/SXb9IppU16rGMQzlpLImlNNZyI=", "last_login": null, "is_superuser": false, "username": "aaaaaaaa", "first_name": "aaaaa", "last_name": "aaaaa", "email": "kiorvt@icloud.com", "is_staff": false, "is_active": false, "date_joined": "2021-09-18T16:26:33.564Z", "image": "", "activation_key": "558d87643f961b33918d623e3c0e262906f30d0f", "activation_key_expires": "2021-09-20T16:22:25.876Z", "age": null, "groups": [], "user_permissions": []}}, {"model": "users.user", "pk": 10, "fields": {"password": "pbkdf2_sha256$260000$EUawl7kGFGVxe77wu9D4ti$mwzV8tPj3xMSVCCAVMSMmfr6xSIoRmK3dAegqWr+Z+k=", "last_login": null, "is_superuser": false, "username": "bbbb", "first_name": "bbb", "last_name": "bbb", "email": "kiorv@icloud.com", "is_staff": false, "is_active": false, "date_joined": "2021-09-18T16:36:01.083Z", "image": "", "activation_key": "a1be2610243f6e1cfecd696c0a6c62457c84e795", "activation_key_expires": "2021-09-20T16:35:20.347Z", "age": null, "groups": [], "user_permissions": []}}, {"model": "users.user", "pk": 11, "fields": {"password": "pbkdf2_sha256$260000$PlKkG1sPPKLAPiBysLaklz$faQEWz2qiNSu/zwG9DMdACn7AmHKH27EpMi551dReHA=", "last_login": null, "is_superuser": false, "username": "ccc", "first_name": "ccc", "last_name": "ccc", "email": "kiov@icloud.com", "is_staff": false, "is_active": false, "date_joined": "2021-09-18T16:41:05.578Z", "image": "", "activation_key": "68ab05a97dbc5d0d68063640bcd8ed8ba5bab61c", "activation_key_expires": "2021-09-20T16:40:49.535Z", "age": null, "groups": [], "user_permissions": []}}, {"model": "users.user", "pk": 12, "fields": {"password": "pbkdf2_sha256$260000$oW65WZmMivgSr6nFzQiXQu$TrxtmAU9FWWEW7micUMYhWewLDiQa9tOZjOOgE4eOc8=", "last_login": null, "is_superuser": false, "username": "wwww", "first_name": "aaaaaa", "last_name": "aaaaaaaa", "email": "kiorv@icloud.com", "is_staff": false, "is_active": false, "date_joined": "2021-09-18T16:43:01.835Z", "image": "", "activation_key": "f6e50ab42bb5aba56577d44e1acd60a7683aa8e2", "activation_key_expires": "2021-09-20T16:40:49.535Z", "age": null, "groups": [], "user_permissions": []}}, {"model": "users.user", "pk": 13, "fields": {"password": "pbkdf2_sha256$260000$YBeFBsLQy5fHvvo2w5gt5Z$VS2VHV4GKV4LfQm9ud3QdLdwbzvoHYvK57EULphsImg=", "last_login": null, "is_superuser": false, "username": "kirill", "first_name": "kirill", "last_name": "Zel", "email": "kiov@icloud.com", "is_staff": false, "is_active": false, "date_joined": "2021-09-18T16:45:23.383Z", "image": "", "activation_key": "99d9313fc9a5327bfd8f56751ad0930e585f9bdf", "activation_key_expires": "2021-09-20T16:43:58.086Z", "age": null, "groups": [], "user_permissions": []}}, {"model": "users.user", "pk": 14, "fields": {"password": "pbkdf2_sha256$260000$YGle7Obs6fPoLWQE6KSAPQ$SVq/bFUaedXaGuNNYn6tzViI8t6mlBFTY1M+zQbaL4U=", "last_login": null, "is_superuser": false, "username": "dadad", "first_name": "ddddd", "last_name": "ddddd", "email": "kiorvt@icloud.com", "is_staff": false, "is_active": false, "date_joined": "2021-09-18T16:47:04.648Z", "image": "", "activation_key": "eb549b25262844b0b14b26437623366ad81cc918", "activation_key_expires": "2021-09-20T16:43:58.086Z", "age": null, "groups": [], "user_permissions": []}}, {"model": "users.user", "pk": 15, "fields": {"password": "pbkdf2_sha256$260000$9n2BTfPTfzq4McG2npuZuv$4VEbjOFFbsEX0ghaNUmnimXoLY5iK9WTvgVXhBQijOA=", "last_login": null, "is_superuser": false, "username": "zzzzz", "first_name": "zzz", "last_name": "zzz", "email": "kiorv@icloud.com", "is_staff": false, "is_active": false, "date_joined": "2021-09-18T16:48:59.217Z", "image": "", "activation_key": "98751e8f00d06e97d820bf87722e3e085283147f", "activation_key_expires": "2021-09-20T16:48:38.134Z", "age": null, "groups": [], "user_permissions": []}}, {"model": "users.user", "pk": 16, "fields": {"password": "pbkdf2_sha256$260000$mPEzgoPNoKQDV69WEcXI1C$hX150naekk0LGepzEPmEkrviCLTNtpFHkv2cXK/QVEg=", "last_login": null, "is_superuser": false, "username": "qqqqqq", "first_name": "qqq", "last_name": "qqqq", "email": "kiov@icloud.com", "is_staff": false, "is_active": false, "date_joined": "2021-09-18T16:51:42.676Z", "image": "", "activation_key": "9f2b173e5a9ebdf61242cadc7315856ce56d8f7c", "activation_key_expires": "2021-09-20T16:50:58.424Z", "age": null, "groups": [], "user_permissions": []}}, {"model": "users.user", "pk": 17, "fields": {"password": "pbkdf2_sha256$260000$DziPkSsJgInWvGYfsVLKyj$d47eABk+IuCXGhuDLVuzi6QWkGDXvBaLsNmVuP9vx/I=", "last_login": null, "is_superuser": false, "username": "mmmm", "first_name": "mmm", "last_name": "mmm", "email": "kiov@icloud.com", "is_staff": false, "is_active": false, "date_joined": "2021-09-18T16:54:26.467Z", "image": "", "activation_key": "7e056f68fff3dccd1387099b9237fec3864b9768", "activation_key_expires": "2021-09-20T16:52:21.725Z", "age": null, "groups": [], "user_permissions": []}}, {"model": "users.user", "pk": 18, "fields": {"password": "pbkdf2_sha256$260000$a2WlRYdx7eU0iNhCHlkyKR$/KHaVw+ICNgZ2xsBZ8Rrn2CEtk1aNS3j2UaNk5IHaj0=", "last_login": null, "is_superuser": false, "username": "bbb", "first_name": "bbbb", "last_name": "bbbb", "email": "kiorv@icloud.com", "is_staff": false, "is_active": false, "date_joined": "2021-09-18T16:58:32.365Z", "image": "", "activation_key": "984b72f1fdfc598c42171b4c8f0fd06489ed91c6", "activation_key_expires": "2021-09-20T16:57:49.240Z", "age": null, "groups": [], "user_permissions": []}}, {"model": "users.user", "pk": 19, "fields": {"password": "pbkdf2_sha256$260000$HbKQ6rS2i7h1TCu2BbVXBK$54FWEvGwAUcVOLd9U0HF0S/t8ACxYFUgbFLUrKyCxRA=", "last_login": null, "is_superuser": false, "username": "xxxxx", "first_name": "xxx", "last_name": "xxx", "email": "kiorvt@icloud.com", "is_staff": false, "is_active": false, "date_joined": "2021-09-18T17:00:59.948Z", "image": "", "activation_key": "d3f76d019e6f18fffbe3b04beb3cfe44890506a8", "activation_key_expires": "2021-09-20T17:00:37.144Z", "age": null, "groups": [], "user_permissions": []}}, {"model": "users.user", "pk": 20, "fields": {"password": "pbkdf2_sha256$260000$a0MJwew0UvS86zkkIPEi7h$yrp7rjYH3VlS349NUMqcD50cQurSV1LKBJD6qZTj5wM=", "last_login": null, "is_superuser": false, "username": "zlo", "first_name": "zlo", "last_name": "klo", "email": "art@gmail.com", "is_staff": false, "is_active": false, "date_joined": "2021-09-18T17:02:26.356Z", "image": "", "activation_key": "485cce06cd4c6b960ba3fc17f9a33197337591cc", "activation_key_expires": "2021-09-20T17:01:43.386Z", "age": null, "groups": [], "user_permissions": []}}, {"model": "users.user", "pk": 21, "fields": {"password": "pbkdf2_sha256$260000$wqrrCGNYDeZdr6cqmDW9Nw$T3ChF5DV9uZmF79ppO6a541Z7t+z8BmP7OjUgfeBnQ0=", "last_login": null, "is_superuser": false, "username": "fgrt", "first_name": "gt", "last_name": "ft", "email": "zldldldldldld@icloid.com", "is_staff": false, "is_active": false, "date_joined": "2021-09-18T17:04:03.011Z", "image": "", "activation_key": "f7749cc9437f231e5c58f6596a1f76c74cfc613e", "activation_key_expires": "2021-09-20T17:03:31.755Z", "age": null, "groups": [], "user_permissions": []}}, {"model": "users.user", "pk": 22, "fields": {"password": "pbkdf2_sha256$260000$3XEv94qCQO6QE725xyxKXT$65lu1GIuC4J0QD4zM7hRerzMDpy9hAxOEj22jTDckBw=", "last_login": "2021-09-18T17:17:12.292Z", "is_superuser": false, "username": "nnnn", "first_name": "nnn", "last_name": "nnn", "email": "ffffff@gmail.com", "is_staff": false, "is_active": true, "date_joined": "2021-09-18T17:11:13.727Z", "image": "", "activation_key": "79a396539d582332b03d6fe834c25b211f1a21fa", "activation_key_expires": "2021-09-20T17:10:19.073Z", "age": null, "groups": [], "user_permissions": []}}, {"model": "users.user", "pk": 23, "fields": {"password": "pbkdf2_sha256$260000$4pHyK6i5xoz07S5kmAubFR$yTtGDL1xfb6h6fZLwvqGeS9W/tvx3Ao5aYhK3pCHxeg=", "last_login": "2021-09-18T17:17:47.158Z", "is_superuser": false, "username": "llll", "first_name": "llll", "last_name": "llll", "email": "gggg@fmf.com", "is_staff": false, "is_active": true, "date_joined": "2021-09-18T17:17:42.156Z", "image": "", "activation_key": "4a6428375050808cd18f38b145e1fc95bd289d2a", "activation_key_expires": "2021-09-20T17:17:08.059Z", "age": null, "groups": [], "user_permissions": []}}, {"model": "users.user", "pk": 24, "fields": {"password": "pbkdf2_sha256$260000$EpRbYM8umhsEe2C30BFkT3$oiV38XAxA5VXBlRRXqzAn6djUzrNoXvUyWUc2H41nEs=", "last_login": null, "is_superuser": false, "username": "nnn", "first_name": "nnnnnn", "last_name": "nnnnnn", "email": "kiorvf3t@icloud.com", "is_staff": false, "is_active": true, "date_joined": "2021-09-23T18:18:56.082Z", "image": "", "activation_key": "", "activation_key_expires": "2021-09-25T18:18:08.064Z", "age": null, "groups": [], "user_permissions": []}}, {"model": "users.user", "pk": 25, "fields": {"password": "pbkdf2_sha256$260000$ul91Kxp8nGf13s7s4Fjv6F$cf5bB/knY1RrMl+7LHw8hx06X5sCH3XVhIVTP08rlk8=", "last_login": null, "is_superuser": false, "username": "zkzkzk", "first_name": "zopam", "last_name": "sfsef", "email": "kiov@icloud.com", "is_staff": false, "is_active": true, "date_joined": "2021-09-23T18:28:53.856Z", "image": "", "activation_key": "", "activation_key_expires": "2021-09-25T18:28:28.918Z", "age": null, "groups": [], "user_permissions": []}}, {"model": "users.user", "pk": 26, "fields": {"password": "pbkdf2_sha256$260000$XaWpg31cH8i9tfPZMN58B7$S28UgFl1nCb1s0jI7PioitHB8zJdm64xFopqC2/5/SA=", "last_login": null, "is_superuser": false, "username": "fffff", "first_name": "ffff", "last_name": "ffff", "email": "kiov@icloud.dd", "is_staff": false, "is_active": true, "date_joined": "2021-09-23T18:32:49.469Z", "image": "", "activation_key": "", "activation_key_expires": "2021-09-25T18:32:26.181Z", "age": null, "groups": [], "user_permissions": []}}, {"model": "users.user", "pk": 27, "fields": {"password": "pbkdf2_sha256$260000$q7waa3qNNTxIqMFBsUB2Gd$AA6du2ePHh3NdIMAss2NAo0XM+40DbQvS/XHnEeFuFA=", "last_login": null, "is_superuser": false, "username": "dddd", "first_name": "ddddd", "last_name": "ddddd", "email": "kiorv@icloud.comddd", "is_staff": false, "is_active": false, "date_joined": "2021-09-23T18:41:06.785Z", "image": "", "activation_key": "f9a46f25be092ff08430b4fdf37e1aa5c3d91c9e", "activation_key_expires": "2021-09-25T18:40:30.281Z", "age": null, "groups": [], "user_permissions": []}}, {"model": "users.user", "pk": 28, "fields": {"password": "!grP5OO4CAtqNrzVWVP7vUQJKoFJJji1wLxY749SK", "last_login": "2021-09-23T20:04:39.466Z", "is_superuser": false, "username": "strawperries", "first_name": "Полина", "last_name": "Васильева", "email": "vasileva_polina2002@mail.ru", "is_staff": false, "is_active": true, "date_joined": "2021-09-23T20:04:39.210Z", "image": "", "activation_key": "", "activation_key_expires": "2021-09-25T20:04:30.581Z", "age": null, "groups": [], "user_permissions": []}}, {"model": "users.userprofileinf", "pk": 1, "fields": {"user": 1, "tagline": "", "about_me": "", "gender": ""}}, {"model": "users.userprofileinf", "pk": 2, "fields": {"user": 2, "tagline": "", "about_me": "", "gender": ""}}, {"model": "users.userprofileinf", "pk": 3, "fields": {"user": 3, "tagline": "", "about_me": "", "gender": ""}}, {"model": "users.userprofileinf", "pk": 4, "fields": {"user": 4, "tagline": "", "about_me": "", "gender": ""}}, {"model": "users.userprofileinf", "pk": 5, "fields": {"user": 5, "tagline": "", "about_me": "", "gender": ""}}, {"model": "users.userprofileinf", "pk": 6, "fields": {"user": 6, "tagline": "", "about_me": "", "gender": ""}}, {"model": "users.userprofileinf", "pk": 7, "fields": {"user": 7, "tagline": "", "about_me": "", "gender": ""}}, {"model": "users.userprofileinf", "pk": 8, "fields": {"user": 8, "tagline": "", "about_me": "", "gender": ""}}, {"model": "users.userprofileinf", "pk": 9, "fields": {"user": 9, "tagline": "", "about_me": "", "gender": ""}}, {"model": "users.userprofileinf", "pk": 10, "fields": {"user": 10, "tagline": "", "about_me": "", "gender": ""}}, {"model": "users.userprofileinf", "pk": 11, "fields": {"user": 11, "tagline": "", "about_me": "", "gender": ""}}, {"model": "users.userprofileinf", "pk": 12, "fields": {"user": 12, "tagline": "", "about_me": "", "gender": ""}}, {"model": "users.userprofileinf", "pk": 13, "fields": {"user": 13, "tagline": "", "about_me": "", "gender": ""}}, {"model": "users.userprofileinf", "pk": 14, "fields": {"user": 14, "tagline": "", "about_me": "", "gender": ""}}, {"model": "users.userprofileinf", "pk": 15, "fields": {"user": 15, "tagline": "", "about_me": "", "gender": ""}}, {"model": "users.userprofileinf", "pk": 16, "fields": {"user": 16, "tagline": "", "about_me": "", "gender": ""}}, {"model": "users.userprofileinf", "pk": 17, "fields": {"user": 17, "tagline": "", "about_me": "", "gender": ""}}, {"model": "users.userprofileinf", "pk": 18, "fields": {"user": 18, "tagline": "", "about_me": "", "gender": ""}}, {"model": "users.userprofileinf", "pk": 19, "fields": {"user": 19, "tagline": "", "about_me": "", "gender": ""}}, {"model": "users.userprofileinf", "pk": 20, "fields": {"user": 20, "tagline": "", "about_me": "", "gender": ""}}, {"model": "users.userprofileinf", "pk": 21, "fields": {"user": 21, "tagline": "", "about_me": "", "gender": ""}}, {"model": "users.userprofileinf", "pk": 22, "fields": {"user": 22, "tagline": "", "about_me": "", "gender": ""}}, {"model": "users.userprofileinf", "pk": 23, "fields": {"user": 23, "tagline": "", "about_me": "", "gender": ""}}, {"model": "users.userprofileinf", "pk": 24, "fields": {"user": 27, "tagline": "", "about_me": "", "gender": ""}}, {"model": "users.userprofileinf", "pk": 25, "fields": {"user": 28, "tagline": "", "about_me": "", "gender": "W"}}, {"model": "orders.order", "pk": 1, "fields": {"user": 3, "created": "2021-10-11T16:12:38.282Z", "updated": "2021-10-11T16:12:54.907Z", "status": "FM", "is_active": true}}, {"model": "orders.orderitem", "pk": 17, "fields": {"order": 1, "product": 2, "quantity": 3}}, {"model": "orders.orderitem", "pk": 18, "fields": {"order": 1, "product": 1, "quantity": 1}}, {"model": "orders.orderitem", "pk": 19, "fields": {"order": 1, "product": 1, "quantity": 1}}, {"model": "social_django.usersocialauth", "pk": 1, "fields": {"user": 28, "provider": "vk-oauth2", "uid": "215618216", "extra_data": "{\"auth_time\": 1632427574, \"id\": 215618216, \"expires\": 86400, \"access_token\": \"598e40133bdeacb0b10f6c100aec5d0186ee8f29a0a6979dfd97593ddcdd7bda56e55a7322eda03a26dfa\", \"token_type\": null}", "created": "2021-09-23T20:04:39.404Z", "modified": "2021-09-23T20:06:14.786Z"}}]